,Player,Pos,Team,PDK,CR,GP,MIN,ST,PTS,REB,AST,STL,BLK,BA,FGM,FGA,FG%,P3PM,3PA,3P%,FTM,FTA,FT%,OREB,DREB,TOV,PF,PM,Age,G,MP,PER,TS%,3PAr,FTr,ORB%,DRB%,TRB%,AST%,STL%,BLK%,TOV%,USG%,OWS,DWS,WS,WS/48,OBPM,DBPM,BPM,VORP,Ht,Wt,Exp,RANK,TEAM,POS,AGE,MPG,TO%,2PA,2P%,eFG%,PPG,RPG,APG,SPG,BPG,TPG,P+R,P+A,P+R+A,VI,ORtg,DRtg
0,Devin Booker,SG,PHX,36.7,18.3,53,35.6,47,29.1,6.6,5.0,0.7,1.4,0.5,10.3,18.4,56.0,2.0,316,0.351,6.5,358,0.855,0.4,6.3,3.3,2.1,5.5,26.0,53.0,1835.0,22.0,0.601,0.296,0.336,2.7,12.0,7.2,27.3,1.4,0.9,10.6,31.8,4.2,1.9,6.0,0.157,4.5,-0.3,4.2,2.9,77,206,7,1,Pho,G,26.4,34.6,12.0,751,0.554,0.546,27.8,4.5,5.5,1.0,0.3,2.7,32.3,33.3,37.8,10.2,118.8,109.0
1,Damion Lee,SG,PHX,30.9,16.1,74,34.6,53,27.8,4.5,5.5,0.9,0.3,0.7,9.9,20.1,49.4,2.1,247,0.445,5.8,104,0.904,0.9,3.7,2.7,3.0,4.6,30.0,74.0,1506.0,10.7,0.607,0.546,0.23,2.8,14.0,8.3,8.9,1.0,0.4,13.5,16.3,1.1,1.4,2.6,0.081,-1.3,-0.4,-1.7,0.1,77,210,5,10,Pho,G-F,30.5,20.4,14.7,205,0.439,0.564,8.2,3.1,1.3,0.4,0.1,1.1,11.2,9.5,12.6,6.3,114.3,109.9
2,Chris Paul,PG,PHX,29.0,16.0,59,32.0,59,13.9,4.3,8.9,1.5,0.4,0.1,5.0,11.3,44.0,1.7,261,0.375,2.3,160,0.831,0.5,3.8,1.9,2.1,1.4,37.0,59.0,1889.0,17.7,0.555,0.391,0.24,1.6,13.4,7.4,38.7,2.4,1.0,13.4,19.2,3.7,2.5,6.2,0.156,2.0,1.2,3.2,2.5,72,175,17,6,Pho,G,37.9,32.0,14.6,407,0.482,0.513,13.9,4.3,8.9,1.5,0.4,1.9,18.1,22.8,27.0,10.1,121.9,109.6
3,Torrey Craig,SF,PHX,28.7,15.5,79,30.4,67,18.0,10.0,1.7,0.6,0.8,0.5,7.8,13.2,58.9,0.1,254,0.394,2.3,45,0.711,2.6,7.4,1.8,2.8,-0.1,32.0,79.0,1948.0,11.6,0.566,0.506,0.09,8.1,16.3,12.1,7.9,1.3,2.9,12.3,13.0,1.5,2.5,4.0,0.098,-1.3,0.7,-0.6,0.7,79,221,5,12,Pho,F,32.3,24.7,12.7,246,0.52,0.556,7.4,5.4,1.5,0.6,0.8,0.9,12.8,8.9,14.3,6.3,116.3,107.3
4,Terrence Ross,SG,PHX,14.4,7.3,21,24.7,60,7.4,5.4,1.5,0.6,0.7,0.3,2.9,6.3,45.6,1.3,98,0.347,0.4,14,0.857,1.8,3.5,0.9,2.3,-2.2,31.0,21.0,386.0,14.2,0.546,0.59,0.084,3.4,16.7,9.9,15.4,1.3,0.5,3.4,19.7,0.6,0.4,1.0,0.127,0.3,0.2,0.5,0.2,78,206,10,8,Pho,G-F,32.2,18.4,3.5,68,0.544,0.53,9.0,3.3,2.0,0.5,0.1,0.3,12.2,10.9,14.2,8.5,120.3,104.8
5,Jock Landale,C,PHX,13.8,5.9,69,20.2,15,10.3,2.2,4.5,0.7,0.2,0.4,3.9,9.4,41.5,1.4,84,0.25,1.0,105,0.752,0.3,2.0,1.7,1.8,1.5,27.0,69.0,979.0,16.4,0.595,0.249,0.312,13.2,18.6,15.8,10.1,0.8,2.7,13.3,19.3,1.5,1.2,2.7,0.132,-0.8,-0.4,-1.1,0.2,83,256,1,14,Pho,C,27.5,14.2,14.9,253,0.621,0.559,6.6,4.1,1.0,0.2,0.4,0.9,10.7,7.6,11.7,8.5,119.7,103.1
6,Landry Shamet,SG,PHX,11.0,6.5,40,18.8,26,7.3,3.5,1.4,0.8,0.5,0.3,2.3,5.8,39.1,0.9,200,0.375,1.9,51,0.882,1.5,2.0,0.9,1.6,1.4,25.0,40.0,807.0,10.9,0.535,0.663,0.17,1.5,7.9,4.6,15.7,1.6,0.6,10.0,19.0,0.5,0.7,1.2,0.071,-1.1,-0.3,-1.4,0.1,76,190,4,9,Pho,G,26.1,20.2,10.7,101,0.376,0.5,8.7,1.7,2.3,0.7,0.1,0.9,10.3,11.0,12.7,6.4,110.8,111.1
7,Josh Okogie,SG,PHX,10.2,5.3,72,14.3,14,4.3,4.2,0.9,0.3,1.4,0.2,2.0,3.4,57.8,0.0,197,0.335,0.4,192,0.724,1.5,2.8,0.8,1.9,0.7,24.0,72.0,1350.0,13.3,0.531,0.476,0.464,8.8,11.9,10.3,10.3,2.0,2.3,11.2,17.7,1.1,1.7,2.8,0.101,-0.8,0.5,-0.2,0.6,76,213,4,13,Pho,G,24.6,18.8,13.2,217,0.442,0.471,7.3,3.5,1.5,0.8,0.5,0.9,10.8,8.8,12.3,7.2,113.8,108.4
8,Cameron Payne,PG,PHX,10.2,4.2,48,20.2,9,8.7,1.7,2.3,0.7,0.1,0.4,2.8,7.5,37.5,1.9,185,0.368,1.1,64,0.766,0.3,1.4,0.9,1.5,1.0,28.0,48.0,968.0,13.2,0.512,0.408,0.141,1.3,11.0,6.1,32.6,1.7,0.7,14.4,24.8,0.0,1.0,1.1,0.053,-0.5,-0.7,-1.2,0.2,73,183,7,7,Pho,G,28.7,20.2,15.2,268,0.448,0.49,10.3,2.2,4.5,0.7,0.2,1.7,12.5,14.7,16.9,9.3,106.0,108.4
9,Bismack Biyombo,C,PHX,10.1,4.8,61,14.2,4,6.6,4.1,1.0,0.2,0.4,0.3,2.6,4.9,52.8,0.3,0,0.0,1.1,70,0.357,1.7,2.3,0.9,1.8,2.0,30.0,61.0,874.0,14.4,0.555,0.0,0.34,11.0,22.1,16.5,8.7,1.0,9.0,17.7,14.0,0.2,1.6,1.9,0.102,-3.4,2.5,-0.9,0.2,80,255,11,17,Pho,C,30.6,14.3,19.8,206,0.578,0.578,4.3,4.2,0.9,0.3,1.4,0.8,8.6,5.2,9.5,7.1,109.3,101.6
10,Saben Lee,PG,PHX,9.9,4.3,23,20.4,5,8.2,3.1,1.3,0.4,0.1,0.2,2.7,6.1,44.2,1.5,29,0.379,1.3,57,0.737,0.5,2.5,1.1,1.6,1.0,23.0,23.0,363.0,13.1,0.51,0.248,0.487,3.9,10.0,6.9,24.0,2.4,0.2,12.9,19.1,0.3,0.4,0.7,0.093,-2.7,0.9,-1.8,0.0,74,183,2,15,Pho,G,23.8,15.8,15.2,88,0.398,0.44,6.3,2.0,2.8,0.8,0.0,0.9,8.3,9.1,11.1,8.3,112.3,108.4
11,T.J. Warren,SF,PHX,9.9,5.2,16,21.1,9,8.3,2.4,1.5,0.6,0.2,0.2,3.2,7.4,43.0,1.5,19,0.316,0.4,2,0.5,0.3,2.1,0.7,1.5,-1.2,29.0,16.0,197.0,11.6,0.473,0.271,0.029,7.2,20.7,13.8,7.7,1.7,2.3,4.1,16.0,0.0,0.3,0.3,0.08,-2.5,0.6,-1.9,0.0,80,220,7,19,Pho,F,29.6,12.3,4.1,51,0.471,0.471,4.2,3.1,0.7,0.4,0.3,0.2,7.3,4.9,7.9,6.8,108.1,104.5
12,Deandre Ayton,C,PHX,9.4,4.3,67,16.4,0,7.5,2.9,1.0,0.5,0.3,0.2,3.1,6.4,48.9,0.5,24,0.292,0.7,200,0.76,0.6,2.3,0.5,1.5,1.3,24.0,67.0,2035.0,19.9,0.617,0.027,0.225,9.2,27.5,18.1,9.2,0.9,2.3,11.0,22.9,3.3,3.0,6.2,0.147,0.9,0.0,0.9,1.5,83,250,4,3,Pho,C,24.7,30.4,11.9,863,0.597,0.592,18.0,10.0,1.7,0.6,0.8,1.8,27.9,19.7,29.6,8.9,118.8,104.7
13,Kevin Durant,SF,PHX,8.6,4.1,8,14.9,1,6.0,1.8,2.6,0.8,0.0,0.5,2.0,4.8,40.5,0.4,41,0.537,1.7,48,0.833,0.5,1.3,1.0,1.3,-1.2,34.0,8.0,269.0,24.3,0.697,0.32,0.375,1.2,20.2,10.5,17.3,0.4,3.3,11.8,26.8,0.8,0.3,1.1,0.196,7.1,0.8,7.9,0.7,82,240,14,2,Pho,F,34.5,33.7,13.5,87,0.586,0.656,26.0,6.4,3.5,0.3,1.3,2.5,32.4,29.5,35.9,9.9,126.5,114.9
14,Darius Bazley,PF,PHX,8.1,4.0,7,14.3,1,5.2,3.2,0.9,0.5,0.8,0.6,1.9,4.3,45.4,0.5,8,0.25,0.9,5,0.4,0.8,2.4,0.7,1.0,-1.6,22.0,7.0,61.0,15.5,0.515,0.32,0.2,8.9,20.4,14.5,14.5,2.4,7.3,15.5,22.5,0.0,0.1,0.1,0.066,-3.4,3.3,-0.1,0.0,80,208,3,20,Pho,F-G,22.8,8.7,16.6,17,0.588,0.52,4.0,2.3,0.9,0.4,0.7,0.7,6.3,4.9,7.1,9.3,100.7,98.3
15,Caris LeVert,SG,CLE,31.9,17.1,74,35.8,68,28.3,4.2,4.4,1.5,0.4,0.8,10.0,20.6,48.4,3.6,324,0.392,4.7,180,0.722,0.9,3.3,2.6,2.5,5.0,28.0,74.0,2237.0,12.4,0.546,0.437,0.243,2.8,12.1,7.4,18.0,1.6,1.0,12.4,18.7,1.4,3.1,4.4,0.095,-1.0,0.8,-0.2,1.0,78,205,6,5,Cle,G,28.6,30.3,13.5,418,0.462,0.517,12.1,3.8,3.9,1.0,0.3,1.6,15.9,16.0,19.8,7.4,111.6,106.7
16,Darius Garland,PG,CLE,29.2,14.9,69,35.5,69,21.6,2.7,7.8,1.3,0.1,0.8,7.6,16.4,46.2,2.4,412,0.41,4.0,322,0.863,0.4,2.3,2.9,2.1,6.4,23.0,69.0,2447.0,18.8,0.587,0.365,0.284,1.3,7.6,4.5,34.1,1.7,0.3,13.5,26.9,4.5,3.0,7.6,0.148,3.2,-0.7,2.4,2.7,73,192,3,2,Cle,G,23.2,35.5,15.0,717,0.492,0.537,21.6,2.7,7.8,1.2,0.1,2.9,24.3,29.4,32.1,8.7,117.7,109.4
17,Evan Mobley,PF,CLE,28.4,15.7,79,32.6,68,14.3,9.8,1.7,0.8,1.2,0.6,5.9,9.2,64.4,0.0,102,0.216,2.4,303,0.673,3.2,6.5,1.4,2.3,5.2,21.0,79.0,2715.0,17.9,0.589,0.108,0.321,8.1,22.7,15.4,12.4,1.1,4.0,11.9,20.2,3.7,4.8,8.5,0.151,0.0,1.6,1.7,2.5,84,215,1,3,Cle,C,21.8,34.4,13.3,847,0.594,0.565,16.2,9.0,2.8,0.8,1.5,1.8,25.2,19.0,28.0,8.6,117.9,104.0
18,Jarrett Allen,C,CLE,27.3,16.1,68,34.4,79,16.2,9.0,2.8,0.8,1.5,0.8,6.6,12.0,55.3,0.3,10,0.1,2.6,221,0.733,2.4,6.6,1.8,2.8,4.3,24.0,68.0,2220.0,19.9,0.67,0.016,0.353,11.7,23.6,17.7,7.5,1.2,3.5,11.4,16.5,5.5,4.0,9.5,0.205,1.3,1.0,2.4,2.4,83,243,5,4,Cle,C,25.0,32.6,12.9,616,0.653,0.645,14.3,9.8,1.7,0.8,1.2,1.4,24.0,15.9,25.7,7.6,133.1,105.0
19,Donovan Mitchell,SG,CLE,17.1,9.7,68,30.3,30,12.1,3.8,3.9,1.0,0.3,0.5,4.3,10.0,43.1,1.7,635,0.386,1.8,368,0.867,0.7,3.1,1.6,2.3,2.5,26.0,68.0,2432.0,22.9,0.614,0.453,0.262,3.1,10.9,7.0,21.4,2.0,1.0,10.3,32.1,5.4,3.5,8.9,0.176,5.6,0.6,6.3,5.0,73,215,5,1,Cle,G,26.6,35.8,11.4,767,0.566,0.572,28.3,4.3,4.4,1.5,0.4,2.6,32.5,32.7,36.9,9.1,118.7,107.2
20,Cedi Osman,SF,CLE,10.3,5.2,77,20.1,2,8.7,2.3,1.5,0.4,0.2,0.3,3.1,6.9,45.2,1.5,312,0.372,1.0,108,0.694,0.3,2.0,0.7,1.6,2.9,27.0,77.0,1548.0,12.0,0.58,0.589,0.204,1.9,11.5,6.7,10.6,1.1,0.7,8.3,18.2,1.4,1.9,3.3,0.103,-0.8,0.2,-0.7,0.5,79,230,5,6,Cle,F,28.0,20.1,8.9,217,0.567,0.561,8.7,2.3,1.5,0.5,0.1,0.7,11.0,10.2,12.5,6.2,115.5,107.1
21,Isaac Okoro,SF,CLE,10.0,6.0,76,21.7,46,6.4,2.4,1.1,0.7,0.4,0.2,2.3,4.7,49.4,0.8,171,0.363,1.0,103,0.757,0.7,1.8,0.6,2.1,1.7,22.0,76.0,1652.0,10.7,0.614,0.483,0.291,3.7,9.6,6.7,7.0,1.7,1.7,9.5,11.9,1.9,2.3,4.2,0.122,-1.9,1.6,-0.3,0.7,77,225,2,9,Cle,F-G,22.2,21.7,10.6,183,0.617,0.582,6.4,2.5,1.1,0.7,0.4,0.6,8.9,7.6,10.1,4.8,123.7,104.9
22,Ricky Rubio,PG,CLE,9.4,4.4,33,17.2,2,5.2,2.1,3.5,0.8,0.2,0.3,1.8,5.4,34.5,0.6,82,0.256,0.8,35,0.8,0.3,1.8,0.9,1.5,1.4,32.0,33.0,566.0,10.4,0.442,0.461,0.197,1.9,12.7,7.3,27.1,2.3,1.0,13.8,17.7,-0.2,0.9,0.7,0.062,-3.8,1.1,-2.8,-0.1,74,190,11,11,Cle,G,32.5,17.2,14.8,96,0.417,0.402,5.2,2.1,3.5,0.8,0.2,0.9,7.3,8.7,10.8,7.8,103.1,104.0
23,Dean Wade,PF,CLE,9.0,4.2,44,20.3,13,4.7,3.4,0.8,0.6,0.5,0.2,1.7,4.0,41.2,1.0,127,0.354,0.3,23,0.652,0.5,3.0,0.4,2.0,2.5,26.0,44.0,891.0,8.5,0.55,0.718,0.13,2.6,17.2,9.9,5.4,1.6,2.2,8.3,10.2,0.4,1.4,1.8,0.097,-2.9,2.1,-0.7,0.3,81,228,3,13,Cle,F-C,26.4,20.3,8.7,50,0.56,0.54,4.7,3.4,0.8,0.6,0.5,0.4,8.1,5.5,8.9,4.6,113.4,102.7
24,Lamar Stevens,PF,CLE,7.9,4.4,62,18.1,25,5.3,3.4,0.5,0.4,0.3,0.5,2.1,4.6,44.8,0.5,95,0.316,0.6,57,0.702,0.8,2.6,0.4,1.3,0.1,25.0,62.0,1120.0,9.5,0.524,0.33,0.198,5.0,16.7,10.9,4.0,1.2,1.6,7.9,13.6,0.3,1.6,1.9,0.08,-3.0,0.2,-2.8,-0.2,78,230,2,10,Cle,F,25.8,18.1,8.6,193,0.513,0.5,5.3,3.4,0.5,0.4,0.3,0.4,8.6,5.8,9.2,4.6,109.4,106.7
25,Danny Green,SG,CLE,7.7,0.0,8,11.7,0,5.0,1.8,1.0,0.8,0.0,0.0,1.8,4.4,40.9,1.0,29,0.448,0.4,1,1.0,0.0,1.8,0.0,0.6,-1.0,35.0,8.0,95.0,15.8,0.676,0.763,0.026,2.5,9.9,6.2,6.4,2.6,2.9,15.4,21.4,0.1,0.2,0.2,0.114,0.5,0.7,1.2,0.1,78,215,13,8,Cle,G,35.8,11.9,15.4,9,0.667,0.671,6.5,1.3,0.5,0.6,0.4,0.9,7.8,7.0,8.3,5.4,111.6,102.6
26,Sam Merrill,SG,CLE,6.0,4.7,5,12.6,0,5.5,1.3,0.5,0.5,0.3,0.1,2.0,4.5,44.9,1.5,18,0.278,0.1,2,1.0,0.3,1.0,0.9,1.5,-1.5,26.0,5.0,59.0,15.5,0.546,0.818,0.091,0.0,18.0,9.0,12.0,3.4,0.0,0.0,17.5,0.1,0.1,0.2,0.16,-1.2,2.5,1.2,0.0,76,205,2,12,Cle,G,26.9,11.7,0.0,4,1.0,0.523,5.0,1.8,1.0,0.8,0.0,0.0,6.8,6.0,7.8,7.1,121.5,105.7
27,Robin Lopez,C,CLE,5.7,4.1,37,10.5,1,3.3,1.0,1.6,0.4,0.1,0.1,1.2,2.3,51.8,0.3,4,0.5,0.6,18,0.778,0.2,0.8,0.5,1.0,0.2,34.0,37.0,299.0,11.6,0.675,0.053,0.24,9.1,11.0,10.0,9.1,0.3,2.5,23.2,16.2,0.2,0.3,0.6,0.094,-3.4,0.3,-3.0,-0.1,84,281,14,15,Cle,C,35.0,8.1,24.9,71,0.648,0.653,3.0,1.4,0.5,0.1,0.2,0.7,4.4,3.5,4.9,6.3,114.9,100.7
28,Isaiah Mobley,PF,CLE,4.3,4.5,12,7.0,0,2.6,1.7,0.3,0.3,0.3,0.2,1.0,2.3,42.9,0.3,8,0.375,0.3,4,1.0,0.3,1.3,0.1,0.7,2.6,23.0,13.0,84.0,14.1,0.521,0.286,0.143,5.6,22.4,14.0,5.0,2.4,3.3,3.3,16.3,0.1,0.2,0.2,0.135,-2.5,1.1,-1.4,0.0,82,240,0,17,Cle,F,23.5,7.0,3.4,20,0.45,0.482,2.6,1.7,0.3,0.3,0.3,0.1,4.3,2.8,4.5,6.3,114.9,100.9
29,Raul Neto,PG,CLE,4.1,4.3,48,8.1,2,3.0,1.4,0.5,0.1,0.2,0.2,1.3,2.0,64.0,0.1,42,0.286,0.4,34,0.912,0.6,0.8,0.7,1.2,-1.6,30.0,48.0,505.0,12.6,0.628,0.382,0.309,2.3,8.4,5.4,21.0,1.7,0.7,16.1,13.1,0.8,0.6,1.5,0.142,-1.7,1.5,-0.2,0.2,73,180,7,14,Cle,G,30.9,10.5,17.2,68,0.662,0.573,3.3,1.0,1.6,0.4,0.1,0.5,4.2,4.9,5.9,6.6,127.4,105.1
30,Jayson Tatum,PF,BOS,38.9,20.3,74,36.9,74,30.1,8.8,4.6,1.1,0.7,0.8,9.8,21.1,46.6,3.2,686,0.35,7.2,622,0.854,1.1,7.7,2.9,2.2,6.4,24.0,74.0,2732.0,23.7,0.607,0.44,0.399,3.2,22.5,13.0,20.9,1.4,1.6,10.4,32.7,6.2,4.3,10.5,0.185,4.8,0.7,5.5,5.1,80,210,5,1,Bos,F-G,25.1,36.9,12.0,873,0.558,0.543,30.1,8.8,4.6,1.1,0.7,2.9,38.8,34.7,43.5,11.6,118.6,106.7
31,Jaylen Brown,SF,BOS,29.7,15.4,67,35.9,67,26.6,6.9,3.5,1.1,0.4,1.1,10.1,20.6,49.1,2.4,487,0.335,3.9,344,0.765,1.2,5.7,2.9,2.6,3.8,26.0,67.0,2405.0,19.1,0.581,0.352,0.249,3.6,17.0,10.4,16.5,1.5,0.9,11.4,31.5,1.6,3.4,5.0,0.1,1.5,-0.2,1.3,2.0,78,223,6,2,Bos,G-F,26.5,35.9,12.5,896,0.576,0.55,26.6,6.9,3.5,1.1,0.4,2.9,33.5,30.1,36.9,9.6,109.8,106.5
32,Al Horford,C,BOS,21.7,11.6,63,30.5,63,9.8,6.2,3.0,0.5,1.0,0.1,3.6,7.6,47.6,2.3,325,0.446,0.2,21,0.714,1.2,5.0,0.6,1.9,4.9,36.0,63.0,1922.0,13.8,0.631,0.678,0.044,4.2,17.7,11.1,13.2,0.8,2.7,7.0,11.9,3.6,2.7,6.3,0.157,1.6,1.7,3.3,2.5,81,240,15,6,Bos,C-F,36.9,30.5,7.2,154,0.539,0.627,9.8,6.2,3.0,0.5,1.0,0.6,16.0,12.8,19.0,7.4,133.4,108.2
33,Sam Hauser,PF,BOS,21.3,10.8,80,23.5,20,8.0,8.3,1.4,0.6,1.4,0.3,3.6,4.9,74.7,0.0,335,0.418,0.7,17,0.706,3.0,5.4,1.0,1.9,4.9,25.0,80.0,1290.0,12.7,0.634,0.846,0.043,3.0,14.1,8.6,7.6,1.1,1.4,6.9,14.7,1.8,1.6,3.4,0.128,0.6,0.4,1.0,1.0,80,215,1,9,Bos,F,25.3,16.1,7.0,61,0.656,0.631,6.4,2.6,0.9,0.4,0.3,0.4,9.0,7.3,9.8,6.1,123.9,107.2
34,Marcus Smart,PG,BOS,20.5,8.7,61,32.1,61,11.5,3.1,6.3,1.5,0.4,0.3,4.1,9.9,41.5,1.9,342,0.336,1.4,118,0.746,0.8,2.4,2.3,2.8,3.9,28.0,61.0,1957.0,12.1,0.538,0.568,0.196,2.6,8.0,5.3,26.4,2.3,1.0,17.9,17.8,1.0,2.7,3.7,0.092,-1.8,0.8,-1.0,0.5,75,220,8,5,Bos,G,29.1,32.1,19.2,260,0.519,0.511,11.5,3.1,6.3,1.5,0.4,2.3,14.7,17.8,20.9,7.6,110.7,105.8
35,Derrick White,SG,BOS,20.2,13.2,82,28.3,70,12.4,3.6,3.9,0.6,0.9,0.4,4.3,9.2,46.2,1.8,391,0.381,2.0,192,0.875,0.6,2.9,1.2,2.2,6.0,28.0,82.0,2319.0,15.4,0.604,0.516,0.253,2.5,11.2,6.9,19.4,1.1,2.8,10.1,17.7,4.4,3.1,7.4,0.154,1.1,1.3,2.4,2.6,76,190,5,4,Bos,G,28.8,28.3,11.1,367,0.548,0.56,12.4,3.6,3.9,0.7,0.9,1.2,16.0,16.3,19.9,7.9,124.5,107.8
36,Malcolm Brogdon,PG,BOS,19.9,11.0,67,26.0,0,14.9,4.2,3.7,0.7,0.3,0.7,5.3,10.9,48.4,2.0,297,0.444,2.4,184,0.87,0.6,3.6,1.4,1.6,2.7,30.0,67.0,1744.0,18.2,0.615,0.406,0.251,2.7,14.7,8.8,21.5,1.3,0.9,10.8,22.8,3.6,2.2,5.8,0.161,2.3,0.6,2.8,2.1,77,229,6,3,Bos,G,30.3,26.0,11.8,435,0.51,0.574,14.9,4.2,3.7,0.7,0.3,1.5,19.1,18.6,22.8,9.4,122.1,108.4
37,Payton Pritchard,PG,BOS,13.1,6.5,48,25.9,23,8.1,4.6,1.7,0.5,0.4,0.3,2.7,6.0,45.4,1.5,154,0.364,1.2,16,0.75,1.1,3.5,1.0,2.4,2.6,25.0,48.0,643.0,10.3,0.536,0.629,0.065,4.3,10.5,7.5,14.0,1.1,0.1,13.7,19.9,-0.1,0.7,0.6,0.045,-2.1,-1.2,-3.4,-0.2,73,195,2,11,Bos,G,25.2,13.4,14.0,91,0.495,0.527,5.6,1.8,1.3,0.3,0.0,0.8,7.5,7.0,8.8,7.0,104.9,110.2
38,Grant Williams,PF,BOS,9.4,4.8,79,13.9,16,4.1,3.8,1.5,0.3,0.2,0.1,1.5,3.2,48.5,0.6,291,0.395,0.5,122,0.77,1.1,2.6,0.5,1.8,2.5,24.0,79.0,2045.0,10.3,0.605,0.611,0.256,4.7,14.5,9.7,8.4,1.0,1.3,13.4,13.1,1.9,2.6,4.4,0.104,-1.8,0.7,-1.1,0.5,78,236,3,7,Bos,F,24.4,25.9,14.7,185,0.546,0.575,8.1,4.6,1.7,0.5,0.4,1.0,12.7,9.8,14.4,6.2,118.5,105.3
39,Blake Griffin,C,BOS,9.4,4.6,41,15.0,9,6.1,3.2,0.8,0.2,0.4,0.2,2.1,4.6,44.9,1.3,66,0.348,0.6,32,0.656,0.6,2.6,0.4,1.6,3.2,33.0,41.0,569.0,13.1,0.59,0.508,0.246,9.2,20.4,14.9,14.2,1.2,1.4,13.2,12.8,1.0,0.8,1.8,0.153,-1.4,1.5,0.1,0.3,81,250,12,12,Bos,F,34.1,13.9,14.4,64,0.625,0.573,4.1,3.8,1.5,0.3,0.2,0.5,7.9,5.6,9.4,8.2,128.0,99.4
40,Mike Muscala,C,BOS,9.4,5.5,20,16.1,8,6.4,2.6,0.9,0.4,0.3,0.1,2.3,5.0,45.5,1.8,65,0.385,0.2,13,0.692,0.4,2.1,0.4,1.2,2.7,31.0,20.0,323.0,11.6,0.623,0.73,0.146,4.8,18.0,11.5,5.0,0.6,1.3,8.7,14.0,0.4,0.4,0.8,0.116,-1.5,0.1,-1.4,0.1,82,240,9,10,Bos,F-C,31.8,16.2,9.2,24,0.708,0.612,5.9,3.4,0.6,0.2,0.3,0.5,9.3,6.5,9.9,5.7,121.7,105.8
41,Robert Williams III,C,BOS,8.2,4.0,35,11.6,0,3.8,2.9,0.8,0.2,0.7,0.1,1.6,2.5,66.5,0.0,1,0.0,0.5,41,0.61,1.2,1.6,0.4,1.2,0.9,25.0,35.0,824.0,19.8,0.742,0.006,0.241,14.0,24.5,19.3,8.5,1.3,5.0,15.3,11.8,2.3,1.6,3.8,0.224,1.0,2.4,3.3,1.1,81,237,4,8,Bos,C-F,25.5,23.5,16.6,169,0.751,0.747,8.0,8.3,1.4,0.6,1.4,1.0,16.3,9.4,17.7,7.7,145.5,103.6
42,Luke Kornet,C,BOS,6.8,4.6,69,13.4,3,5.6,1.8,1.3,0.3,0.0,0.2,2.1,5.1,41.2,1.2,13,0.231,0.3,39,0.821,0.5,1.3,0.8,0.8,0.3,27.0,69.0,804.0,16.7,0.697,0.076,0.229,11.9,14.8,13.4,9.1,0.7,4.9,11.8,11.5,2.1,1.2,3.3,0.198,-0.4,1.3,1.0,0.6,86,250,5,13,Bos,F-C,27.7,11.7,12.8,157,0.701,0.674,3.8,2.9,0.8,0.2,0.7,0.4,6.6,4.6,7.4,7.1,144.8,104.8
43,Mfiondu Kabengele,PF,BOS,3.6,4.0,4,9.1,0,1.5,2.5,0.0,0.5,0.0,0.0,0.5,1.8,28.6,0.0,3,0.0,0.5,2,1.0,1.3,1.3,0.3,0.8,-1.3,25.0,4.0,36.0,8.1,0.381,0.429,0.286,15.4,14.9,15.2,0.0,2.7,0.0,11.3,10.7,0.0,0.1,0.1,0.067,-6.6,-2.4,-8.9,-0.1,81,250,2,16,Bos,F-C,25.7,9.1,11.8,4,0.5,0.286,1.5,2.5,0.0,0.5,0.0,0.3,4.0,1.5,4.0,0.0,105.0,104.3
44,Justin Champagnie,SF,BOS,3.6,0.0,2,6.9,0,2.2,1.6,0.8,0.2,0.0,0.4,1.0,3.0,33.3,0.2,5,0.2,0.0,0,0.0,0.6,1.0,0.0,0.4,-0.8,21.0,2.0,23.0,1.5,0.208,0.417,0.0,9.6,9.3,9.5,16.7,2.1,0.0,0.0,22.4,-0.1,0.0,-0.1,-0.145,-10.5,-5.1,-15.5,-0.1,78,200,1,14,Bos,G-F,21.8,11.7,0.0,7,0.143,0.208,2.5,2.0,1.5,0.5,0.0,0.0,4.5,4.0,6.0,6.7,73.0,110.8
45,Domantas Sabonis,C,SAC,41.4,23.6,79,34.6,79,19.1,12.3,7.3,0.8,0.5,0.8,7.3,11.9,61.4,0.4,83,0.373,4.1,438,0.742,3.2,9.1,2.9,3.5,2.7,26.0,79.0,2736.0,23.5,0.668,0.088,0.467,10.6,30.0,20.3,30.4,1.1,1.2,16.9,21.3,9.6,3.0,12.6,0.221,4.1,1.8,5.8,5.4,83,240,6,2,Sac,F-C,26.9,34.6,19.7,855,0.639,0.632,19.1,12.3,7.3,0.8,0.5,2.9,31.4,26.4,38.7,13.8,132.5,105.7
46,Keegan Murray,SF,SAC,30.1,16.3,80,33.4,73,25.0,4.2,6.1,1.1,0.3,0.7,9.3,18.2,51.3,1.6,501,0.411,4.7,81,0.765,0.5,3.6,2.5,2.4,2.4,22.0,80.0,2382.0,12.3,0.597,0.641,0.104,4.3,13.4,8.9,5.5,1.2,1.5,6.8,15.8,2.6,1.7,4.3,0.087,0.4,-1.0,-0.6,0.8,80,215,0,6,Sac,F,22.6,29.8,7.1,281,0.527,0.584,12.2,4.6,1.2,0.8,0.5,0.8,16.8,13.4,18.1,5.5,118.8,112.8
47,Harrison Barnes,PF,SAC,20.4,10.6,82,29.4,75,15.2,3.3,2.9,1.1,0.3,0.3,5.6,11.5,48.5,2.7,353,0.374,1.3,413,0.847,0.6,2.8,1.3,2.4,3.0,30.0,82.0,2662.0,14.1,0.632,0.446,0.522,3.8,11.9,7.9,6.3,1.0,0.3,8.1,17.1,5.1,1.4,6.5,0.118,0.5,-1.5,-1.0,0.7,80,225,10,4,Sac,F,30.9,32.5,9.8,439,0.551,0.556,15.0,4.5,1.6,0.7,0.1,1.0,19.5,16.6,21.0,5.9,126.8,116.5
48,Kevin Huerter,SG,SAC,18.3,9.6,75,32.5,82,15.0,4.5,1.6,0.7,0.1,0.4,4.6,9.7,47.2,1.6,510,0.402,4.3,131,0.725,1.1,3.4,1.0,1.3,3.1,24.0,75.0,2203.0,15.2,0.617,0.589,0.151,2.2,10.8,6.5,14.1,1.7,1.0,9.5,19.9,3.3,1.7,4.9,0.107,1.4,-0.3,1.0,1.7,79,190,4,3,Sac,G-F,24.6,29.4,10.1,356,0.604,0.603,15.2,3.3,2.9,1.1,0.3,1.3,18.5,18.1,21.5,7.2,119.5,111.2
49,De'Aaron Fox,PG,SAC,17.8,10.0,73,29.8,78,12.2,4.6,1.2,0.8,0.5,0.5,4.4,9.8,45.3,2.6,366,0.325,0.8,440,0.78,1.1,3.5,0.8,2.0,1.2,25.0,73.0,2435.0,21.8,0.599,0.276,0.331,1.9,12.4,7.2,29.6,1.6,0.8,10.6,30.0,5.5,1.8,7.4,0.146,3.4,-0.9,2.5,2.7,75,185,5,1,Sac,G,25.3,33.4,12.0,965,0.583,0.557,25.0,4.2,6.1,1.1,0.3,2.5,29.2,31.1,35.3,10.3,119.2,112.2
50,Malik Monk,SG,SAC,16.4,9.3,77,22.3,0,13.5,2.6,3.9,0.6,0.3,0.7,4.6,10.3,44.8,1.9,398,0.359,2.4,207,0.889,0.4,2.2,1.9,1.6,0.9,24.0,77.0,1719.0,16.6,0.587,0.5,0.26,2.1,11.3,6.7,25.0,1.4,1.0,14.1,25.8,2.1,1.2,3.2,0.091,1.6,-1.4,0.3,1.0,75,200,5,5,Sac,G,25.2,22.3,15.5,398,0.538,0.538,13.5,2.6,3.9,0.6,0.3,1.9,16.2,17.4,20.0,9.2,113.9,112.6
51,Terence Davis,SG,SAC,10.7,6.7,64,16.9,0,7.6,4.0,0.9,0.4,0.4,0.3,2.5,5.5,45.9,1.2,243,0.366,1.4,43,0.791,0.9,3.1,0.9,1.3,1.4,25.0,64.0,841.0,12.9,0.563,0.668,0.118,2.7,16.1,9.4,11.1,2.4,1.2,12.2,22.2,0.0,0.9,0.9,0.054,-1.3,-0.3,-1.5,0.1,76,201,3,8,Sac,G,25.9,13.1,12.7,121,0.537,0.545,6.7,2.2,1.0,0.7,0.2,0.8,8.9,7.8,10.0,7.5,105.8,104.7
52,Davion Mitchell,PG,SAC,8.2,4.6,80,13.1,5,6.7,2.2,1.0,0.7,0.2,0.2,2.4,5.7,42.3,1.4,197,0.32,0.5,31,0.806,0.3,1.9,0.8,1.6,0.7,24.0,80.0,1447.0,9.4,0.545,0.494,0.078,1.3,7.0,4.1,16.5,1.5,0.9,13.1,14.1,0.7,0.8,1.5,0.05,-2.4,-0.4,-2.8,-0.3,74,205,1,9,Sac,G,24.6,18.1,13.4,202,0.584,0.533,5.6,1.3,2.3,0.6,0.2,0.8,6.9,7.9,9.3,5.7,111.3,112.9
53,Trey Lyles,PF,SAC,8.2,4.5,74,18.1,9,5.6,1.3,2.3,0.6,0.2,0.2,2.3,5.0,45.4,0.8,240,0.363,0.3,124,0.815,0.2,1.1,0.8,1.4,0.1,27.0,74.0,1247.0,14.2,0.607,0.588,0.304,6.3,21.1,13.7,7.0,1.0,2.2,12.2,18.1,1.4,1.2,2.6,0.098,0.0,-0.9,-1.0,0.3,81,234,7,7,Sac,F,27.4,16.9,13.5,168,0.595,0.565,7.6,4.1,0.9,0.4,0.4,0.9,11.6,8.5,12.5,7.2,117.3,110.3
54,Chimezie Metu,C,SAC,7.8,4.2,66,10.4,0,4.9,3.0,0.6,0.3,0.3,0.2,2.0,3.3,58.6,0.1,38,0.237,0.8,73,0.74,0.7,2.3,0.5,1.2,1.3,25.0,66.0,689.0,17.3,0.639,0.174,0.333,7.8,24.9,16.4,8.1,1.5,2.7,11.3,17.6,1.2,0.8,2.1,0.143,-0.3,0.2,-0.1,0.3,81,225,4,10,Sac,F-C,26.1,10.4,12.7,181,0.663,0.61,4.9,3.0,0.6,0.3,0.3,0.5,7.9,5.5,8.5,7.9,124.6,104.6
55,Richaun Holmes,C,SAC,4.8,4.2,42,8.3,1,3.1,1.9,0.2,0.1,0.3,0.2,1.3,2.1,61.8,0.1,8,0.625,0.4,19,0.789,0.7,1.2,0.3,1.2,-1.6,29.0,42.0,348.0,12.9,0.668,0.09,0.213,9.6,16.6,13.1,3.5,0.4,2.8,12.6,13.7,0.6,0.3,0.8,0.113,-2.0,-0.9,-2.9,-0.1,82,235,7,12,Sac,F,29.5,8.3,13.5,81,0.617,0.646,3.1,1.9,0.2,0.1,0.3,0.3,5.0,3.3,5.2,5.1,128.0,105.0
56,Kessler Edwards,SF,SAC,4.6,4.4,22,11.0,4,2.9,1.7,0.7,0.4,0.2,0.1,1.0,2.7,38.7,0.5,43,0.349,0.3,15,0.8,0.7,1.1,0.4,1.1,0.1,22.0,22.0,306.0,10.0,0.581,0.623,0.188,6.4,11.1,8.8,8.5,1.7,1.4,10.8,12.0,0.3,0.2,0.6,0.088,-2.3,-0.1,-2.4,0.0,80,215,1,11,Sac,F,22.7,13.9,11.3,27,0.593,0.55,4.0,2.1,1.0,0.5,0.2,0.4,6.2,5.0,7.1,5.8,123.1,107.1
57,Neemias Queta,C,SAC,4.6,4.0,5,5.7,0,2.4,2.2,0.2,0.0,0.4,0.0,1.2,1.8,66.7,0.0,0,0.0,0.0,2,0.0,1.0,1.2,0.2,1.4,-6.0,23.0,5.0,29.0,17.0,0.607,0.0,0.222,19.8,23.5,21.7,5.0,0.0,6.0,9.2,16.3,0.1,0.0,0.1,0.149,-2.6,-0.8,-3.4,0.0,84,245,1,13,Sac,C,23.7,5.7,10.0,9,0.667,0.667,2.4,2.2,0.2,0.0,0.4,0.2,4.6,2.6,4.8,7.1,128.8,93.3
58,Alex Len,C,SAC,4.3,4.5,26,6.2,2,1.7,2.3,0.5,0.2,0.4,0.0,0.6,1.2,53.3,0.0,2,0.0,0.4,16,0.688,0.9,1.4,0.6,1.1,0.7,29.0,26.0,161.0,12.8,0.58,0.067,0.533,17.2,25.4,21.3,9.3,1.2,6.0,30.2,14.1,0.1,0.2,0.3,0.085,-4.9,0.9,-4.0,-0.1,84,250,9,14,Sac,C,29.8,6.2,34.6,28,0.571,0.533,1.7,2.3,0.5,0.2,0.4,0.6,4.0,2.1,4.4,8.1,111.0,98.9
59,Matthew Dellavedova,PG,SAC,2.6,4.0,32,6.6,0,1.5,0.4,1.3,0.2,0.0,0.0,0.5,1.6,34.0,0.3,27,0.333,0.1,7,0.571,0.0,0.4,0.3,0.6,-1.6,32.0,32.0,213.0,6.7,0.443,0.54,0.14,0.5,6.4,3.5,23.4,1.6,0.0,15.9,12.7,0.0,0.1,0.1,0.021,-4.4,-0.8,-5.2,-0.2,75,200,8,15,Sac,G,32.6,6.7,16.6,23,0.348,0.43,1.5,0.4,1.3,0.2,0.0,0.3,1.9,2.8,3.2,5.5,104.4,111.1
60,Michael Porter Jr.,SF,DEN,52.1,29.2,62,33.7,69,24.5,11.8,9.8,1.3,0.7,0.7,9.4,14.8,63.2,0.8,454,0.414,4.9,120,0.8,2.4,9.4,3.6,2.5,9.3,24.0,62.0,1798.0,16.8,0.621,0.556,0.147,4.2,17.2,10.9,5.3,1.0,1.4,7.3,22.7,2.6,1.8,4.3,0.116,2.0,-1.8,0.2,1.0,82,218,3,3,Den,F,24.8,29.0,7.7,363,0.579,0.602,17.4,5.5,1.0,0.6,0.5,1.1,22.9,18.5,24.0,6.3,118.3,110.8
61,Kentavious Caldwell-Pope,SG,DEN,27.1,15.6,76,32.8,65,20.0,3.9,6.2,1.0,0.2,0.5,7.3,16.0,45.4,2.6,319,0.423,2.8,125,0.824,0.7,3.2,2.2,1.6,4.6,29.0,76.0,2381.0,11.5,0.598,0.505,0.198,1.7,8.1,5.0,9.8,2.3,1.3,11.1,14.1,2.0,2.5,4.5,0.091,-1.6,0.6,-1.0,0.6,77,204,9,7,Den,G,30.1,31.3,12.0,313,0.502,0.569,10.8,2.8,2.4,1.5,0.5,1.1,13.6,13.2,16.0,5.3,116.7,112.0
62,Aaron Gordon,PF,DEN,24.1,12.9,68,30.3,68,16.3,6.6,3.0,0.8,0.8,0.9,6.3,11.2,56.4,0.9,173,0.347,2.8,312,0.609,2.4,4.1,1.4,1.9,7.7,27.0,68.0,2055.0,19.5,0.617,0.227,0.413,9.4,15.4,12.5,14.2,1.3,2.2,9.8,21.1,4.6,2.2,6.8,0.158,2.4,-0.3,2.1,2.1,80,235,8,4,Den,F,27.6,30.3,11.4,588,0.628,0.603,16.3,6.6,3.0,0.8,0.8,1.4,22.9,19.3,25.8,9.1,124.9,111.3
63,Nikola Jokic,C,DEN,22.1,12.0,69,29.0,62,17.4,5.5,1.0,0.6,0.5,0.4,6.4,13.2,48.7,3.0,149,0.383,1.5,415,0.822,1.0,4.5,1.1,1.9,6.8,27.0,69.0,2323.0,31.5,0.701,0.146,0.406,8.5,31.3,20.2,46.6,1.8,1.8,17.0,27.2,11.2,3.8,14.9,0.308,8.5,4.5,13.0,8.8,83,284,7,1,Den,C,28.1,33.7,19.5,873,0.675,0.66,24.5,11.8,9.8,1.3,0.7,3.6,36.3,34.3,46.2,16.8,134.7,105.3
64,Bruce Brown,SG,DEN,17.6,9.6,80,28.5,31,11.5,4.1,3.4,1.1,0.6,0.5,4.5,9.3,48.3,1.1,254,0.358,1.5,153,0.758,0.8,3.3,1.5,2.4,0.4,26.0,80.0,2280.0,13.3,0.571,0.343,0.206,3.3,13.0,8.3,15.7,1.9,2.0,13.2,17.8,1.7,2.6,4.3,0.09,-1.1,0.6,-0.5,0.8,76,202,4,6,Den,G-F,26.7,28.5,14.2,487,0.548,0.545,11.5,4.1,3.4,1.1,0.6,1.5,15.6,14.9,19.0,7.6,113.2,108.9
65,Jamal Murray,PG,DEN,16.3,8.6,65,31.3,76,10.8,2.8,2.4,1.5,0.5,0.1,3.8,8.3,46.2,1.8,432,0.398,1.4,216,0.833,0.5,2.3,1.1,1.9,6.5,25.0,65.0,2133.0,18.0,0.571,0.415,0.207,2.7,11.0,6.9,27.5,1.5,0.7,11.3,26.1,3.3,1.9,5.1,0.116,2.6,-1.3,1.3,1.8,75,215,5,2,Den,G,26.1,32.8,12.2,609,0.494,0.537,20.0,4.0,6.2,1.0,0.2,2.2,23.9,26.1,30.1,9.7,116.1,113.7
66,Reggie Jackson,PG,DEN,15.8,5.7,16,18.3,26,9.8,5.7,0.5,0.3,0.5,0.6,3.9,6.3,62.3,0.4,68,0.279,1.6,12,0.833,1.5,4.3,0.6,1.7,-1.6,32.0,16.0,319.0,9.0,0.476,0.531,0.094,1.1,8.8,5.0,20.9,1.4,0.3,12.5,20.8,-0.2,0.2,0.1,0.008,-3.8,-1.3,-5.1,-0.3,74,208,11,8,Den,G,33.0,19.9,12.9,60,0.5,0.457,7.9,1.8,3.1,0.6,0.1,1.2,9.7,11.1,12.8,7.1,100.5,112.2
67,Zeke Nnaji,PF,DEN,12.1,5.1,53,24.4,40,10.2,2.1,3.4,0.7,0.1,0.2,3.9,9.4,41.1,1.4,65,0.262,1.0,62,0.645,0.4,1.8,1.7,1.7,-1.2,22.0,53.0,728.0,12.5,0.62,0.332,0.316,10.5,11.2,10.9,3.3,1.1,2.8,12.2,15.2,0.9,0.7,1.6,0.106,-2.7,-0.9,-3.7,-0.3,81,240,2,10,Den,F-C,22.2,13.7,13.6,131,0.71,0.605,5.2,2.6,0.3,0.3,0.4,0.6,7.8,5.6,8.2,4.7,120.8,103.5
68,DeAndre Jordan,C,DEN,10.7,4.7,39,15.0,8,5.1,5.2,0.9,0.3,0.6,0.2,2.3,2.9,76.5,0.0,1,1.0,0.6,48,0.458,1.3,3.8,1.2,1.8,-3.1,34.0,39.0,586.0,14.7,0.731,0.009,0.417,10.5,28.6,19.8,7.7,1.0,3.5,26.1,13.7,0.5,0.9,1.4,0.112,-2.4,0.7,-1.8,0.0,83,265,14,11,Den,C,34.7,15.0,29.4,114,0.763,0.77,5.1,5.2,0.9,0.3,0.6,1.2,10.3,6.0,11.2,7.7,117.1,101.9
69,Ish Smith,PG,DEN,9.0,4.9,43,19.5,4,7.8,2.6,1.2,0.3,0.3,0.3,2.9,5.9,48.8,0.5,12,0.167,1.6,4,0.5,0.7,1.9,0.8,1.8,-3.5,34.0,43.0,398.0,6.5,0.407,0.092,0.031,1.5,13.8,7.8,32.5,1.0,1.6,24.9,19.3,-0.8,0.4,-0.5,-0.056,-5.5,-1.1,-6.6,-0.5,72,175,12,16,Den,G,34.8,9.3,25.1,119,0.42,0.405,2.5,1.3,2.3,0.2,0.2,1.0,3.8,4.8,6.1,8.4,88.7,109.9
70,Vlatko Cancar,PF,DEN,7.9,4.0,60,14.8,9,5.0,2.1,1.3,0.4,0.2,0.2,1.8,3.8,47.6,0.7,115,0.374,0.6,43,0.907,0.4,1.7,0.6,1.4,-1.1,25.0,60.0,889.0,11.0,0.606,0.507,0.181,3.2,13.1,8.3,11.5,1.2,1.4,13.1,13.8,0.9,0.8,1.7,0.093,-1.7,-0.1,-1.8,0.0,80,236,3,12,Den,F,26.0,14.8,14.0,112,0.58,0.57,5.0,2.1,1.3,0.4,0.2,0.6,7.1,6.3,8.4,6.5,118.9,108.5
71,Thomas Bryant,C,DEN,7.3,4.0,18,14.0,5,5.3,2.7,0.3,0.3,0.4,0.2,2.1,3.8,56.1,0.3,9,0.444,0.8,18,0.722,1.3,1.4,0.6,2.0,-1.8,25.0,18.0,205.0,11.8,0.547,0.132,0.265,11.0,22.4,16.8,1.3,0.5,3.0,11.6,18.3,0.0,0.2,0.3,0.066,-4.4,-2.2,-6.6,-0.2,82,248,5,14,Den,C-F,25.7,11.3,12.8,59,0.492,0.515,4.6,3.3,0.1,0.1,0.4,0.6,7.9,4.7,8.1,4.1,108.6,103.9
72,Jeff Green,PF,DEN,7.0,5.0,56,15.5,6,4.7,2.4,0.8,0.5,0.2,0.3,1.9,3.8,49.5,0.4,104,0.288,0.5,117,0.744,0.6,1.8,0.5,1.3,-1.6,36.0,56.0,1091.0,11.0,0.576,0.317,0.357,4.1,10.9,7.6,8.3,0.8,1.4,10.8,17.0,0.8,0.8,1.7,0.074,-2.4,-1.0,-3.4,-0.4,80,235,14,9,Den,F,36.6,19.5,12.3,224,0.58,0.534,7.8,2.6,1.2,0.3,0.3,0.8,10.4,9.0,11.6,5.9,114.1,109.9
73,Christian Braun,SG,DEN,4.5,4.1,76,9.3,0,2.5,1.3,2.3,0.2,0.2,0.1,1.2,3.0,39.7,0.0,96,0.354,0.0,64,0.625,0.1,1.1,1.0,0.8,-0.8,21.0,76.0,1181.0,10.3,0.568,0.332,0.221,4.8,12.6,8.8,6.4,1.7,1.3,9.9,13.0,0.7,1.2,1.9,0.079,-2.5,0.1,-2.4,-0.1,79,218,0,13,Den,G,22.0,15.5,10.8,193,0.565,0.554,4.7,2.4,0.8,0.5,0.2,0.5,7.1,5.5,7.9,5.4,114.7,108.9
74,Peyton Watson,SG,DEN,4.5,4.4,23,8.1,2,3.3,1.6,0.5,0.1,0.5,0.2,1.3,2.6,49.2,0.3,14,0.429,0.5,20,0.55,0.3,1.3,0.3,0.6,-2.1,20.0,23.0,186.0,12.8,0.553,0.237,0.339,5.1,17.4,11.4,7.9,0.5,5.2,10.6,17.7,0.1,0.2,0.3,0.073,-2.7,-0.1,-2.8,0.0,80,200,0,15,Den,G,20.6,8.1,11.9,45,0.511,0.542,3.3,1.6,0.5,0.1,0.5,0.3,4.9,3.7,5.3,6.8,109.5,110.3
75,Giannis Antetokounmpo,PF,MIL,41.0,23.5,63,31.6,63,30.5,11.7,5.6,0.8,0.8,1.3,11.0,20.0,55.2,0.7,171,0.275,7.8,772,0.645,2.2,9.5,3.9,3.1,5.3,28.0,63.0,2024.0,29.0,0.605,0.134,0.604,7.3,30.0,19.1,33.2,1.2,2.1,13.2,38.8,4.9,3.7,8.6,0.204,5.8,2.7,8.5,5.4,84,242,9,1,Mil,F,28.3,32.1,16.2,1108,0.596,0.571,31.1,11.8,5.7,0.8,0.8,3.9,42.9,36.8,48.6,15.9,116.8,100.6
76,Jrue Holiday,PG,MIL,29.6,17.6,67,32.1,65,19.0,5.0,7.3,1.2,0.4,0.7,7.2,15.0,47.8,2.3,411,0.384,2.3,177,0.859,1.1,3.8,2.9,1.7,6.9,32.0,67.0,2183.0,19.2,0.586,0.402,0.173,3.9,12.0,8.1,34.4,1.7,0.9,15.2,25.0,3.9,2.8,6.7,0.148,3.0,0.1,3.1,2.8,75,205,13,2,Mil,G,32.8,32.6,16.1,612,0.542,0.556,19.3,5.1,7.4,1.2,0.4,2.9,24.3,26.6,31.7,11.0,117.7,109.5
77,Brook Lopez,C,MIL,24.7,14.2,78,30.0,78,15.8,6.5,1.2,0.5,2.4,0.3,6.1,11.4,53.3,1.7,364,0.374,1.9,190,0.784,1.9,4.6,1.4,2.6,5.0,34.0,78.0,2373.0,18.4,0.63,0.405,0.211,7.2,15.3,11.4,6.1,0.7,6.7,9.8,19.3,4.1,3.9,8.0,0.161,0.8,1.3,2.1,2.5,84,282,14,3,Mil,C,35.0,30.4,10.6,535,0.637,0.606,15.9,6.7,1.3,0.5,2.5,1.4,22.5,17.2,23.8,6.8,122.4,106.2
78,Jevon Carter,PG,MIL,23.9,12.7,81,26.0,22,14.1,9.6,1.5,0.4,0.2,0.5,5.7,11.5,49.6,1.4,336,0.423,1.4,38,0.816,2.2,7.4,1.2,1.6,0.3,27.0,81.0,1810.0,10.9,0.56,0.596,0.067,2.1,9.3,5.8,14.5,1.7,1.3,11.8,15.3,1.2,2.3,3.5,0.092,-1.8,1.2,-0.6,0.6,73,200,4,7,Mil,G,27.6,22.4,12.1,229,0.424,0.549,8.0,2.5,2.4,0.8,0.4,1.0,10.5,10.5,13.0,6.5,113.3,106.6
79,Grayson Allen,SG,MIL,20.5,11.8,72,24.3,19,14.8,4.2,5.0,0.8,0.1,0.6,5.2,12.1,43.0,1.6,366,0.399,2.8,126,0.905,0.9,3.3,2.2,2.1,4.0,27.0,72.0,1972.0,12.3,0.612,0.657,0.226,3.4,9.0,6.3,10.9,1.5,0.6,10.5,14.6,2.8,2.2,5.1,0.123,-0.6,0.7,0.1,1.0,76,198,4,6,Mil,G,27.5,27.4,11.4,191,0.518,0.571,10.4,3.3,2.3,0.9,0.2,1.0,13.7,12.7,16.0,6.3,123.5,110.0
80,Pat Connaughton,SG,MIL,15.4,8.2,61,27.0,70,10.3,3.2,2.3,0.9,0.2,0.3,3.4,7.6,44.1,2.0,322,0.339,1.6,41,0.659,0.8,2.4,1.0,1.6,3.1,30.0,61.0,1443.0,10.0,0.531,0.765,0.097,3.8,16.2,10.2,6.9,1.2,0.6,7.0,13.8,0.7,1.8,2.5,0.085,-1.3,0.3,-1.1,0.3,77,209,7,8,Mil,G,30.3,23.7,7.3,99,0.566,0.521,7.6,4.6,1.3,0.6,0.2,0.5,12.3,8.9,13.5,6.0,112.4,109.6
81,Khris Middleton,SF,MIL,12.7,6.6,33,22.5,39,8.1,2.5,2.4,0.8,0.4,0.2,3.0,7.0,42.5,1.8,162,0.315,0.4,102,0.902,0.4,2.1,1.0,1.9,0.9,31.0,33.0,801.0,17.4,0.551,0.399,0.251,3.8,14.0,9.1,30.7,1.4,0.5,13.6,27.4,1.0,1.0,1.9,0.117,1.0,-0.3,0.8,0.6,79,222,10,4,Mil,F,31.7,24.3,14.9,244,0.516,0.499,15.1,4.2,4.9,0.7,0.2,2.2,19.3,20.0,24.2,11.1,113.2,106.1
82,Wesley Matthews,SG,MIL,12.7,4.8,52,18.9,3,6.9,3.8,1.5,0.7,0.3,0.1,2.5,5.2,47.9,1.3,124,0.315,0.6,28,0.857,0.9,2.9,0.4,1.5,0.2,36.0,52.0,820.0,7.0,0.519,0.775,0.175,4.5,9.7,7.2,5.1,1.2,1.3,9.5,9.8,0.3,0.9,1.2,0.073,-3.5,0.8,-2.7,-0.1,76,220,13,19,Mil,G,36.5,15.7,10.1,36,0.528,0.484,3.4,2.2,0.7,0.4,0.3,0.3,5.6,4.1,6.3,4.4,113.1,107.2
83,Goran Dragic,PG,MIL,12.5,6.5,7,22.7,0,6.9,2.8,3.3,0.7,0.1,0.1,2.3,5.4,43.5,1.8,17,0.412,0.4,4,1.0,0.3,2.5,1.2,1.6,1.8,36.0,7.0,83.0,11.4,0.516,0.472,0.111,3.9,10.9,7.5,20.2,1.2,0.0,15.6,22.7,0.0,0.1,0.1,0.037,-2.3,-2.9,-5.2,-0.1,75,190,14,13,Mil,G,36.9,11.8,16.1,19,0.368,0.486,5.6,1.7,1.7,0.3,0.0,1.0,7.3,7.3,9.0,8.6,103.7,113.7
84,Bobby Portis,PF,MIL,12.1,6.5,70,23.3,33,7.6,4.6,1.2,0.6,0.2,0.2,2.7,6.8,39.5,1.8,257,0.37,0.4,125,0.768,0.8,3.8,0.5,1.1,2.4,27.0,70.0,1818.0,17.8,0.575,0.32,0.156,9.2,28.6,19.3,8.7,0.8,0.7,8.6,21.7,2.5,2.8,5.3,0.139,1.2,-0.6,0.7,1.2,82,250,7,5,Mil,F,28.2,26.0,9.2,546,0.555,0.555,14.1,9.6,1.5,0.4,0.2,1.2,23.7,15.6,25.2,9.0,117.3,105.2
85,Lindell Wigginton,PG,MIL,7.6,0.0,7,12.4,1,7.1,1.0,2.0,0.0,0.3,0.3,2.6,5.3,48.6,0.9,18,0.333,1.1,9,0.889,0.0,1.0,1.7,1.0,-5.6,24.0,7.0,87.0,11.8,0.61,0.486,0.243,0.0,8.1,4.2,23.8,0.0,1.9,22.7,25.7,0.0,0.1,0.1,0.028,-3.1,-3.5,-6.7,-0.1,74,189,1,9,Mil,G,25.0,12.4,24.3,19,0.632,0.568,7.1,1.0,2.0,0.0,0.3,1.7,8.1,9.1,10.1,7.8,103.9,109.8
86,Joe Ingles,SF,MIL,7.5,4.3,46,15.0,0,6.3,1.4,2.6,0.2,0.1,0.3,2.4,5.8,42.1,0.9,203,0.409,0.5,21,0.857,0.3,1.1,1.1,1.1,0.1,35.0,46.0,1044.0,10.7,0.616,0.819,0.085,1.4,11.1,6.4,18.4,1.5,0.5,17.6,12.6,1.1,1.2,2.3,0.107,-1.6,0.8,-0.7,0.3,80,220,8,11,Mil,F-G,35.5,22.7,18.1,45,0.556,0.603,6.9,2.8,3.3,0.7,0.1,1.2,9.7,10.2,12.9,7.0,119.6,108.2
87,Meyers Leonard,C,MIL,7.5,4.0,9,12.6,2,4.8,3.8,0.1,0.2,0.0,0.2,1.6,3.2,48.3,0.8,18,0.389,0.9,9,0.889,1.3,2.4,0.7,1.8,-3.0,30.0,9.0,114.0,12.0,0.652,0.621,0.31,11.4,19.4,15.5,1.2,0.8,0.0,15.4,14.4,0.2,0.1,0.3,0.126,-2.8,-2.2,-5.0,-0.1,84,260,9,16,Mil,F-C,31.1,12.6,17.0,11,0.636,0.603,4.8,3.8,0.1,0.2,0.0,0.7,8.6,4.9,8.7,3.9,123.2,99.3
88,MarJon Beauchamp,SF,MIL,5.8,4.4,52,13.6,11,5.2,2.2,0.7,0.4,0.1,0.3,1.9,4.7,39.7,0.9,142,0.331,0.5,37,0.73,0.7,1.5,0.8,1.4,-1.7,22.0,52.0,701.0,8.2,0.513,0.584,0.152,5.9,11.0,8.5,6.7,1.4,0.8,14.8,18.3,-0.4,0.8,0.4,0.027,-4.1,-0.6,-4.8,-0.5,78,199,0,14,Mil,F,22.5,13.5,15.6,101,0.485,0.492,5.1,2.2,0.7,0.4,0.1,0.9,7.3,5.8,8.0,5.9,99.5,105.0
89,Jae Crowder,SF,MIL,5.4,4.2,18,15.6,0,3.5,2.1,0.6,0.4,0.2,0.0,1.1,3.0,36.8,0.8,55,0.436,0.5,12,0.833,0.6,1.5,0.4,1.4,0.8,32.0,18.0,340.0,14.6,0.624,0.585,0.128,5.4,15.3,10.6,10.6,1.7,1.4,6.6,13.2,0.7,0.5,1.2,0.165,0.1,1.1,1.2,0.3,78,235,10,10,Mil,F,32.8,18.9,6.9,39,0.538,0.606,6.9,3.8,1.5,0.7,0.3,0.4,10.7,8.4,12.2,7.2,132.9,105.9
90,Tyrese Maxey,SG,PHI,43.6,23.0,60,34.6,66,33.1,10.2,4.2,1.0,1.7,1.4,11.0,20.1,54.8,1.0,370,0.432,10.0,213,0.845,1.7,8.5,3.4,3.1,6.4,22.0,60.0,2016.0,17.0,0.605,0.404,0.233,1.4,8.8,5.2,16.9,1.2,0.4,7.4,24.1,3.7,1.6,5.4,0.128,1.9,-1.2,0.7,1.3,6-2,200,2,3,Phi,G,22.4,33.6,8.1,543,0.514,0.568,20.3,2.9,3.5,0.8,0.1,1.3,23.2,23.8,26.8,7.0,120.2,111.8
91,Tobias Harris,PF,PHI,40.0,20.3,74,36.8,58,21.0,6.1,10.7,1.2,0.5,0.9,6.4,14.5,44.0,2.8,324,0.389,5.4,129,0.876,0.7,5.4,3.4,1.9,4.8,30.0,74.0,2436.0,14.8,0.602,0.383,0.153,3.3,17.0,10.3,11.4,1.4,1.5,9.0,18.2,3.1,2.8,5.9,0.116,0.6,0.1,0.7,1.7,6-8,226,11,5,Phi,F,30.7,32.9,9.5,521,0.57,0.575,14.7,5.7,2.5,0.9,0.5,1.2,20.4,17.2,22.9,7.2,118.8,110.1
92,Shake Milton,SG,PHI,25.2,0.0,76,28.8,0,20.0,4.0,2.0,1.0,0.0,0.0,8.0,13.0,61.5,4.0,148,0.378,0.0,116,0.853,2.0,2.0,2.0,4.0,2.0,26.0,76.0,1567.0,12.7,0.575,0.294,0.231,3.0,11.3,7.2,22.3,0.8,0.8,14.5,18.5,1.6,1.2,2.9,0.087,-1.0,-0.9,-2.0,0.0,6-5,205,4,8,Phi,G-F,26.5,20.6,15.7,355,0.521,0.535,8.4,2.5,3.1,0.3,0.2,1.2,10.9,11.5,14.0,7.8,115.3,110.3
93,Joel Embiid,C,PHI,22.8,12.8,66,33.6,41,20.3,2.9,3.5,0.8,0.1,0.6,7.3,15.2,48.1,2.7,200,0.33,3.0,771,0.857,0.4,2.6,1.3,2.2,4.1,28.0,66.0,2284.0,31.4,0.655,0.151,0.581,5.9,28.3,17.3,22.9,1.4,4.6,11.9,37.0,8.4,3.9,12.3,0.259,6.8,2.3,9.2,6.4,7-0,280,6,1,Phi,C-F,29.1,34.6,14.5,1128,0.587,0.573,33.1,10.2,4.2,1.0,1.7,3.4,43.2,37.2,47.4,13.0,124.4,104.1
94,James Harden,PG,PHI,21.8,11.6,58,32.9,74,14.7,5.7,2.5,0.9,0.5,0.7,5.7,11.4,50.1,1.7,419,0.384,1.5,361,0.867,0.9,4.8,1.2,2.0,4.0,33.0,58.0,2135.0,21.6,0.607,0.496,0.429,2.3,17.1,9.8,43.3,1.6,1.4,16.3,25.0,5.8,2.6,8.4,0.188,5.1,0.3,5.4,4.0,6-5,220,13,2,Phi,G,33.6,36.8,18.8,424,0.495,0.536,21.0,6.1,10.7,1.2,0.5,3.4,27.1,31.6,37.7,12.1,123.3,110.7
95,Jalen McDaniels,SF,PHI,18.2,4.0,24,20.5,0,12.5,5.0,4.5,0.0,0.0,0.5,4.5,10.0,45.0,2.0,30,0.4,1.5,34,0.824,1.5,3.5,1.5,1.5,9.0,25.0,24.0,419.0,12.5,0.58,0.244,0.276,5.5,15.8,10.7,6.5,2.0,1.1,8.6,16.1,0.4,0.5,1.0,0.109,-2.5,-0.1,-2.6,-0.1,6-9,205,3,10,Phi,F-C,25.2,17.5,9.5,93,0.516,0.537,6.7,3.2,0.8,0.7,0.2,0.5,9.8,7.5,10.6,5.9,117.8,102.9
96,Danuel House Jr.,SF,PHI,17.0,8.7,56,27.9,58,10.1,4.1,2.6,1.6,0.5,0.3,3.6,8.5,42.5,2.0,110,0.336,0.9,60,0.75,0.9,3.2,1.3,2.5,1.3,29.0,56.0,807.0,9.4,0.6,0.558,0.305,1.3,12.2,6.9,7.5,0.9,1.0,10.4,13.8,0.6,0.7,1.3,0.075,-2.4,-0.5,-3.0,-0.2,6-6,220,6,12,Phi,F-G,29.8,14.4,11.6,87,0.644,0.566,4.8,1.7,0.8,0.3,0.2,0.5,6.5,5.6,7.3,5.2,115.3,109.2
97,Paul Reed,C,PHI,13.5,6.9,69,23.9,24,9.4,4.3,1.6,1.0,0.4,0.5,3.5,7.7,45.5,1.0,6,0.167,1.5,51,0.745,0.8,3.5,1.2,2.6,-1.9,23.0,69.0,755.0,19.2,0.62,0.029,0.244,17.8,23.1,20.5,5.3,3.0,6.3,16.3,16.4,1.2,1.6,2.8,0.18,-1.6,1.5,-0.1,0.4,6-9,210,2,13,Phi,F,23.8,10.9,17.7,203,0.606,0.596,4.2,3.8,0.4,0.7,0.7,0.7,8.0,4.6,8.3,6.8,124.3,95.2
98,Louis King,SG,PHI,11.9,6.3,1,20.6,11,8.4,2.5,3.1,0.3,0.2,0.5,3.2,6.6,47.9,0.7,8,0.5,1.3,1,0.0,0.5,2.0,1.3,1.6,1.9,23.0,1.0,29.0,21.3,0.744,0.615,0.077,8.3,8.0,8.1,12.2,1.7,0.0,13.0,24.0,0.1,0.0,0.1,0.157,3.3,-1.0,2.3,0.0,6-7,202,5,4,Phi,F,24.0,28.8,13.3,5,0.8,0.769,20.0,4.0,2.0,1.0,0.0,2.0,24.0,22.0,26.0,7.5,125.8,103.2
99,Montrezl Harrell,C,PHI,10.0,6.0,57,19.4,1,8.2,2.4,1.0,0.4,0.2,0.2,2.8,6.4,44.2,2.0,6,0.0,0.5,101,0.693,0.2,2.1,0.7,1.9,1.0,29.0,57.0,681.0,17.6,0.631,0.029,0.483,11.8,15.7,13.8,7.4,1.2,3.4,12.1,18.9,1.3,0.8,2.2,0.153,-0.9,-0.4,-1.3,0.1,6-7,240,7,11,Phi,F-C,29.2,11.9,14.3,203,0.616,0.598,5.6,2.8,0.6,0.3,0.4,0.6,8.4,6.2,9.0,7.1,125.1,105.1
100,Dewayne Dedmon,C,PHI,9.3,5.9,8,10.9,2,4.2,3.8,0.4,0.7,0.7,0.2,1.8,3.0,59.3,0.0,2,0.5,0.6,5,0.2,1.6,2.2,0.7,1.8,-0.2,33.0,8.0,76.0,15.5,0.579,0.091,0.227,9.5,29.0,19.4,19.6,1.3,6.1,19.9,17.7,0.0,0.1,0.2,0.113,-3.5,2.8,-0.7,0.0,7-0,245,9,16,Phi,C,33.7,9.6,21.4,20,0.6,0.614,3.5,3.1,1.3,0.3,0.6,0.8,6.6,4.8,7.9,10.1,111.3,93.7
101,Georges Niang,PF,PHI,8.8,4.9,78,25.6,75,3.5,3.9,0.8,0.5,0.2,0.1,1.3,3.0,42.7,0.7,384,0.401,0.3,45,0.867,1.3,2.7,0.6,2.4,1.8,29.0,78.0,1512.0,10.9,0.61,0.765,0.09,1.5,12.8,7.2,7.3,1.0,0.9,9.4,17.0,1.1,1.4,2.5,0.078,-0.4,-1.0,-1.4,0.2,6-7,230,6,9,Phi,F,29.8,19.4,9.7,118,0.576,0.596,8.2,2.4,1.0,0.4,0.2,0.7,10.5,9.2,11.5,5.6,114.1,107.8
102,Mac McClung,SG,PHI,8.2,4.4,2,11.9,7,5.6,2.8,0.6,0.3,0.4,0.3,2.2,3.7,59.8,0.0,11,0.364,1.2,5,0.6,1.2,1.6,0.6,1.3,0.3,24.0,2.0,41.0,19.2,0.563,0.55,0.25,8.8,19.8,14.4,35.3,0.0,0.0,11.9,27.4,0.1,0.0,0.1,0.14,2.2,-1.7,0.5,0.0,6-2,185,1,6,Phi,G,24.3,20.6,12.9,9,0.556,0.55,12.5,5.0,4.5,0.0,0.0,1.5,17.5,17.0,22.0,12.7,119.3,109.9
103,P.J. Tucker,PF,PHI,8.1,4.0,75,11.2,1,5.2,3.5,0.7,0.2,0.5,0.4,2.0,4.0,51.0,0.3,140,0.393,0.9,23,0.826,0.9,2.6,0.7,2.0,-3.3,37.0,75.0,1920.0,5.7,0.566,0.622,0.102,5.9,12.1,9.1,3.9,1.0,0.7,15.8,6.5,0.9,1.7,2.5,0.064,-3.2,0.1,-3.0,-0.5,6-5,245,11,15,Phi,F,37.9,25.6,16.3,85,0.482,0.549,3.5,3.9,0.8,0.5,0.2,0.6,7.5,4.3,8.3,3.5,118.7,108.1
104,De'Anthony Melton,PG,PHI,5.8,4.4,77,14.4,5,4.8,1.7,0.8,0.3,0.2,0.1,1.7,3.5,47.2,0.7,403,0.39,0.8,87,0.793,0.2,1.5,0.5,1.2,-0.3,24.0,77.0,2150.0,12.7,0.566,0.619,0.134,3.9,13.1,8.6,12.9,2.9,1.8,12.9,16.5,1.1,3.1,4.2,0.095,-0.7,1.6,0.9,1.6,6-2,200,4,7,Phi,G,24.9,27.9,13.5,248,0.484,0.546,10.1,4.1,2.6,1.6,0.5,1.3,14.2,12.7,16.8,6.8,111.7,106.0
105,John Konchar,SG,MEM,33.8,17.1,72,31.9,59,26.2,5.9,8.1,1.1,0.3,1.4,9.3,19.9,46.6,1.5,177,0.339,6.1,36,0.778,1.0,4.9,3.4,1.6,5.0,26.0,72.0,1494.0,10.8,0.542,0.553,0.113,4.5,17.4,11.0,8.2,2.4,1.5,9.9,10.4,1.0,2.5,3.5,0.111,-1.9,2.4,0.5,0.9,77,210,3,13,Mem,G,27.0,20.7,10.4,143,0.545,0.525,5.1,4.3,1.4,1.1,0.3,0.5,9.3,6.4,10.7,6.1,116.8,105.6
106,Dillon Brooks,SF,MEM,27.2,14.6,73,31.8,58,21.5,5.0,4.4,1.0,0.4,1.3,7.8,16.2,47.9,2.9,439,0.326,3.1,154,0.779,0.7,4.3,2.2,2.6,6.1,27.0,73.0,2214.0,9.4,0.494,0.443,0.155,2.2,9.5,5.8,11.7,1.4,0.7,8.9,21.8,-0.8,2.4,1.6,0.034,-3.4,-0.5,-3.9,-1.1,79,225,5,4,Mem,G-F,27.2,30.3,9.5,552,0.451,0.468,14.3,3.3,2.6,0.9,0.2,1.4,17.7,16.9,20.3,6.6,102.3,105.5
107,Jaren Jackson Jr.,C,MEM,26.0,15.4,63,28.4,63,18.6,6.8,1.0,1.0,3.0,1.0,6.6,13.0,50.6,1.6,282,0.355,3.8,306,0.788,1.7,5.0,1.7,3.6,5.7,23.0,63.0,1787.0,21.6,0.613,0.343,0.372,6.4,18.8,12.6,5.0,1.7,9.6,10.1,24.7,2.8,3.8,6.6,0.177,0.7,2.0,2.8,2.2,83,242,4,3,Mem,F-C,23.6,28.4,11.5,540,0.585,0.567,18.6,6.8,1.0,1.0,3.0,1.7,25.4,19.6,26.3,7.1,117.8,100.3
108,Ja Morant,PG,MEM,24.1,11.0,61,27.0,42,8.6,11.6,2.3,0.9,1.1,0.3,3.7,6.3,59.7,0.0,300,0.307,1.1,497,0.748,5.1,6.5,1.9,2.3,5.8,23.0,61.0,1948.0,23.3,0.557,0.247,0.409,3.3,16.1,9.7,41.1,1.6,0.7,12.6,34.9,3.4,2.6,6.0,0.148,5.2,0.5,5.7,3.8,75,174,3,1,Mem,G,23.7,31.9,14.5,914,0.519,0.504,26.2,5.9,8.1,1.1,0.3,3.4,32.0,34.2,40.1,13.5,114.2,109.6
109,Tyus Jones,PG,MEM,18.0,10.5,80,24.2,22,10.3,2.5,5.2,1.0,0.1,0.2,3.9,8.9,43.8,1.5,326,0.371,1.0,100,0.8,0.4,2.2,0.9,0.4,1.2,26.0,80.0,1940.0,16.0,0.546,0.459,0.141,1.5,9.4,5.5,28.8,2.0,0.3,8.9,17.7,3.4,2.3,5.7,0.141,1.2,0.3,1.6,1.7,72,196,7,6,Mem,G,26.9,24.2,9.4,384,0.495,0.523,10.3,2.5,5.2,1.0,0.1,0.9,12.8,15.5,18.0,8.5,122.1,114.8
110,Xavier Tillman,PF,MEM,16.7,8.6,61,19.5,8,10.0,5.5,1.3,0.6,0.7,0.3,4.1,6.2,65.6,0.0,15,0.267,1.8,89,0.551,1.6,3.9,1.0,2.3,-0.3,24.0,61.0,1180.0,17.3,0.621,0.049,0.291,10.9,16.7,13.8,10.9,2.3,2.2,11.3,13.7,2.3,1.9,4.2,0.171,0.3,1.7,1.9,1.2,80,245,2,10,Mem,F,24.2,19.3,12.6,291,0.632,0.621,7.0,5.0,1.6,1.0,0.5,0.7,12.1,8.6,13.6,7.9,129.0,105.2
111,Brandon Clarke,PF,MEM,14.8,7.7,56,30.3,73,14.3,3.3,2.6,0.9,0.2,0.5,5.4,13.6,39.6,2.0,6,0.167,1.6,137,0.723,0.6,2.7,1.4,3.3,2.8,26.0,56.0,1090.0,20.0,0.682,0.017,0.393,9.0,21.2,15.1,9.5,1.5,3.1,11.8,17.7,2.7,1.8,4.5,0.199,0.8,1.8,2.5,1.3,80,215,3,7,Mem,F,26.6,19.5,13.6,343,0.665,0.658,10.0,5.5,1.3,0.6,0.7,1.0,15.5,11.3,16.8,8.5,131.0,100.8
112,Luke Kennard,SG,MEM,14.6,9.0,24,19.3,29,7.0,5.0,1.6,1.0,0.5,0.6,3.1,5.0,61.4,0.1,137,0.54,0.8,19,0.947,2.0,3.0,0.7,1.6,0.0,26.0,24.0,590.0,16.0,0.758,0.801,0.111,1.6,11.8,6.7,12.1,1.0,0.2,8.2,13.8,1.7,0.6,2.3,0.189,3.0,-0.2,2.9,0.7,77,206,5,5,Mem,G,26.8,24.6,8.5,34,0.471,0.743,11.3,3.1,2.3,0.5,0.0,0.7,14.5,13.6,16.7,7.0,145.5,110.6
113,David Roddy,PF,MEM,13.9,6.1,70,21.8,20,9.0,4.8,1.3,0.6,0.6,0.3,3.2,6.8,47.0,1.2,212,0.307,1.4,65,0.631,1.1,3.7,0.8,1.9,1.2,21.0,70.0,1258.0,8.8,0.519,0.505,0.155,4.2,12.0,8.1,6.1,1.1,1.4,11.3,16.7,-0.3,1.4,1.1,0.043,-3.2,-0.7,-3.9,-0.6,78,255,0,11,Mem,F,22.0,18.0,11.9,208,0.553,0.506,6.7,2.8,0.8,0.4,0.3,0.8,9.4,7.5,10.3,5.5,103.0,107.7
114,Desmond Bane,SG,MEM,12.9,7.9,58,22.3,14,9.3,2.7,1.5,0.5,0.1,0.2,3.2,6.5,49.2,2.3,407,0.408,0.6,205,0.883,0.3,2.4,0.8,1.4,3.6,24.0,58.0,1841.0,19.1,0.606,0.433,0.218,2.5,14.3,8.4,20.8,1.4,1.1,10.9,26.1,3.5,2.3,5.8,0.151,3.3,0.1,3.5,2.5,77,215,2,2,Mem,G,24.8,31.8,11.8,532,0.534,0.568,21.5,5.0,4.4,1.0,0.4,2.2,26.5,25.9,30.9,9.8,118.8,107.0
115,Santi Aldama,PF,MEM,11.4,5.3,77,20.7,23,5.1,4.3,1.4,1.1,0.3,0.2,1.9,4.4,43.1,0.8,266,0.353,0.4,144,0.75,0.9,3.4,0.5,1.6,2.9,22.0,77.0,1682.0,13.9,0.591,0.507,0.274,5.4,18.0,11.7,7.6,1.3,2.6,9.3,16.0,2.1,2.4,4.6,0.13,-0.3,0.8,0.5,1.1,83,224,1,8,Mem,F-C,22.2,21.8,10.3,259,0.591,0.56,9.0,4.8,1.3,0.6,0.6,0.8,13.9,10.3,15.1,7.0,120.0,105.8
116,Steven Adams,C,MEM,7.5,4.9,42,18.0,4,6.7,2.8,0.8,0.4,0.3,0.3,2.6,6.0,42.9,0.9,1,0.0,0.6,129,0.364,0.7,2.0,0.8,1.5,-0.9,29.0,42.0,1133.0,17.5,0.564,0.004,0.49,20.1,25.3,22.7,11.2,1.5,3.7,19.8,14.6,1.3,2.1,3.4,0.144,-0.3,0.9,0.6,0.7,83,265,9,9,Mem,C,29.7,27.0,23.1,262,0.599,0.597,8.6,11.5,2.3,0.9,1.1,1.9,20.1,10.9,22.5,9.0,118.1,103.2
117,Jake LaRavia,PF,MEM,6.4,4.0,35,7.3,1,5.0,2.1,0.8,0.2,0.1,0.2,2.0,3.9,52.7,0.3,71,0.338,0.7,9,0.778,0.8,1.3,0.5,1.2,-2.0,21.0,35.0,414.0,6.7,0.531,0.747,0.095,4.9,11.3,8.1,6.2,1.4,0.9,15.4,11.7,0.0,0.5,0.5,0.054,-3.9,0.4,-3.5,-0.2,80,235,0,16,Mem,F,21.4,11.8,15.9,24,0.542,0.516,3.0,1.8,0.6,0.3,0.1,0.5,4.8,3.6,5.4,5.0,105.3,104.0
118,Kenneth Lofton Jr.,PF,MEM,6.0,4.0,24,15.2,4,5.7,2.1,0.9,0.4,0.2,0.1,2.3,5.3,42.9,0.7,17,0.353,0.5,27,0.593,0.4,1.7,1.0,1.6,-2.0,20.0,24.0,176.0,20.2,0.572,0.183,0.29,11.5,19.2,15.4,18.1,1.3,1.0,10.3,27.6,0.3,0.2,0.5,0.145,0.7,-1.1,-0.4,0.1,79,275,0,14,Mem,F,20.7,7.3,11.4,76,0.566,0.559,5.0,2.1,0.8,0.2,0.1,0.5,7.1,5.8,8.0,11.1,116.1,97.3
119,Ziaire Williams,SF,MEM,4.5,4.0,37,11.8,0,3.0,1.8,0.6,0.3,0.1,0.1,1.1,2.7,38.9,0.7,97,0.258,0.2,22,0.773,0.5,1.3,0.5,1.4,-2.2,21.0,37.0,561.0,7.4,0.511,0.495,0.112,3.0,11.9,7.5,8.2,1.2,1.0,15.2,18.0,-0.5,0.6,0.1,0.011,-4.7,-0.8,-5.6,-0.5,80,215,1,12,Mem,F,21.6,15.2,15.9,99,0.596,0.492,5.7,2.1,0.9,0.4,0.2,1.0,7.8,6.6,8.8,5.8,96.5,105.6
